{"cameraMode":{"drawMode":0,"name":"Shaded","section":"Shading Mode"},"sceneLighting":false,"audioPlay":false,"sceneViewState":{"showFog":true,"showMaterialUpdate":false,"showSkybox":true,"showFlares":true,"showImageEffects":true,"showParticleSystems":true},"in2DMode":false,"pivot":{"x":340.59906005859377,"y":-1.6039693355560303,"z":164.40762329101563},"rotation":{"x":0.7014020085334778,"y":-0.02350461483001709,"z":0.02315468341112137,"w":0.7120025753974915},"size":241.62477111816407,"orthographic":false}